n_pert,n_ctrl,pearson,spearman,cosine,mse,overlap_top50,sign_prec_at_top50
182.75,234.5,0.9996004082394622,0.998227488097418,0.9996268140503379,9.6941042070392e-05,0.965,1.0
