group,pert,n_pert,n_ctrl,pearson,spearman,cosine,mse,overlap_top50,sign_prec_at_top50
jurkat,AARS,192,229,0.9995531282591695,0.9979456601355063,0.9995830092611819,0.00010092036692543882,0.98,1.0
jurkat,NUP107,179,229,0.9996900260176169,0.9980200512726607,0.9997078812585056,9.330107924621078e-05,0.98,1.0
rpe1,AARS,185,240,0.9995302145996807,0.9983176158212782,0.9995632422428573,9.348685069088258e-05,0.96,1.0
rpe1,NUP107,175,240,0.9996282640813815,0.998626625160227,0.9996531234388072,0.00010005587141903582,0.94,1.0
